h_over_J,time,observable,ed_value,backend_value,abs_error,relative_error_percent,standard_error
0.5,0.041666666666666664,mz,0.999133700596333,0.998975,0.00015870059633305011,0.0158838197769057,0.00015975759684280094
0.5,0.041666666666666664,mz2,0.9984846331616244,0.99820625,0.0002783831616244292,0.027880565446756097,0.00027957579447484264
0.5,0.041666666666666664,czz,0.9982684758660652,0.998,0.0002684758660651543,0.02689415448406636,0.00032264563523929025
0.5,0.08333333333333333,mz,0.9965557775057957,0.99655,5.7775057956677145e-06,0.0005797473584597339,0.0002937999010179649
0.5,0.08333333333333333,mz2,0.9939830191548786,0.993975,8.019154878580181e-06,0.0008067698063291228,0.0005121851919638753
0.5,0.08333333333333333,czz,0.993128664405402,0.9933142857142857,0.00018562130888366557,0.018690559998567682,0.0005887148623324969
0.5,0.125,mz,0.9923284208162271,0.991625,0.0007034208162270961,0.07088588832803018,0.0004512552499750677
0.5,0.125,mz2,0.9866265542415138,0.98535625,0.0012703042415137533,0.12875228586264045,0.0007884326437287467
0.5,0.125,czz,0.984742742074754,0.9835714285714287,0.001171313503325333,0.11894614230489206,0.0009151960218313001
0.5,0.16666666666666666,mz,0.9865528605630272,0.986375,0.00017786056302715458,0.01802848789325382,0.0005827477129853795
0.5,0.16666666666666666,mz2,0.9766274921428921,0.97633125,0.0002962421428921447,0.03033317669996545,0.0010061811864181063
0.5,0.16666666666666666,czz,0.9733740713673977,0.973542857142857,0.0001687857754593125,0.017340278565485305,0.0011600201411777792
0.5,0.20833333333333331,mz,0.9793658428863985,0.97955,0.0001841571136015352,0.018803710068015563,0.0007111471880224954
0.5,0.20833333333333331,mz2,0.9642693024726643,0.964575,0.0003056975273356688,0.03170250536357139,0.0012207066396026551
0.5,0.20833333333333331,czz,0.9593771130214274,0.9592285714285718,0.00014854159285559998,0.015483128671663689,0.0014483274132052618
0.5,0.25,mz,0.9709349040563586,0.971625,0.0006900959436413334,0.07107540791439879,0.0008360208314289009
0.5,0.25,mz2,0.9498940652297336,0.95104375,0.0011496847702663349,0.12103294591995177,0.0014252276567205337
0.5,0.25,czz,0.9431839078962272,0.9439428571428571,0.0007589492466298919,0.08046672979426983,0.0016949884210679597
0.5,0.29166666666666663,mz,0.961452637837369,0.9607,0.0007526378373690079,0.07828132221488768,0.0009946858499013623
0.5,0.29166666666666663,mz2,0.9338876959603345,0.9328375,0.0010501959603345101,0.11245420245681399,0.001666084652165615
0.5,0.29166666666666663,czz,0.9252877003158864,0.9241999999999995,0.001087700315886897,0.117552661244234,0.001954090813732946
0.5,0.3333333333333333,mz,0.9511301912148499,0.95195,0.000819808785150089,0.08619311979813953,0.0010801557404570756
0.5,0.3333333333333333,mz2,0.9166638960967454,0.917875,0.001211103903254629,0.13212082513685128,0.001806481324281405
0.5,0.3333333333333333,czz,0.9062243926829201,0.9070285714285714,0.0008041787456513072,0.08873947249096861,0.002134212347302224
0.5,0.375,mz,0.9401902520868883,0.940575,0.00038474791311171597,0.04092234654185281,0.001214553190043624
0.5,0.375,mz2,0.8986477482875344,0.89943125,0.0007835017124656618,0.08718674407838943,0.0019918106576211833
0.5,0.375,czz,0.8865526081268142,0.8874285714285718,0.000875963301757543,0.09880556367753006,0.0023383772204869655
0.5,0.41666666666666663,mz,0.9288598089851021,0.92715,0.0017098089851020903,0.18407610799419505,0.001344700179169018
0.5,0.41666666666666663,mz2,0.8802598301463423,0.8776875,0.002572330146342394,0.2922239614086158,0.0021795540610330144
0.5,0.41666666666666663,czz,0.866833190101691,0.8648857142857143,0.0019474758159767624,0.22466558020791724,0.002543250089193613
0.5,0.4583333333333333,mz,0.9173629667120318,0.9185,0.0011370332879682143,0.12394584578048909,0.0014167659378218655
0.5,0.4583333333333333,mz2,0.8619016119663315,0.8637125,0.0018108880336684674,0.21010379938113008,0.0022729821279874624
0.5,0.4583333333333333,czz,0.8476089830531475,0.8502285714285716,0.0026195883754240867,0.3090562308563725,0.0026131504323419377
0.5,0.5,mz,0.9059140930914813,0.906,8.590690851872917e-05,0.009482897901010366,0.0015175243945415827
0.5,0.5,mz2,0.8439427503781503,0.8438625,8.025037815029279e-05,0.009508983650174677,0.0024126851409444097
0.5,0.5,czz,0.8293857161312931,0.8304857142857145,0.001099998154421411,0.13262805628633223,0.002774209781127829
0.5,0.5416666666666666,mz,0.8947115515540242,0.89445,0.0002615515540241864,0.02923305880760091,0.0016209356844888471
0.5,0.5416666666666666,mz2,0.8267107097459652,0.8263125,0.00039820974596516123,0.048167967497061294,0.002522971689890674
0.5,0.5416666666666666,czz,0.812614753766921,0.8114857142857139,0.001129039481207128,0.13893908226172397,0.0029069480127722866
0.5,0.5833333333333333,mz,0.8839322432981302,0.88425,0.00031775670186973137,0.03594808360922742,0.0016887062867450625
0.5,0.5833333333333333,mz2,0.8104829560605586,0.8104125,7.045606055866571e-05,0.008693095892000633,0.002599730653225819
0.5,0.5833333333333333,czz,0.797678385745005,0.7971428571428574,0.0005355286021476724,0.06713590486064211,0.002962083492805647
0.5,0.625,mz,0.8737271430066742,0.875175,0.0014478569933258356,0.16571042858339766,0.0017752639504336732
0.5,0.625,mz2,0.7954817921802023,0.79744375,0.0019619578197976884,0.24663767783049917,0.002702424893706458
0.5,0.625,czz,0.7848782097058908,0.7873142857142856,0.002436076008394794,0.3103763078487858,0.0030134120304410135
0.5,0.6666666666666666,mz,0.86421796563202,0.863675,0.0005429656320200538,0.06282739466344836,0.0018493286455208337
0.5,0.6666666666666666,mz2,0.7818717526754657,0.78013125,0.0017405026754656605,0.22260718199754392,0.0027801232433776347
0.5,0.6666666666666666,czz,0.7744270165631781,0.7708571428571424,0.0035698737060357866,0.4609696756033245,0.003099326683121912
0.5,0.7083333333333333,mz,0.8554950508885629,0.8572,0.0017049491114370374,0.19929386028197196,0.0019435647003314405
0.5,0.7083333333333333,mz2,0.769759360341552,0.7725625,0.0028031396584480284,0.36415791776851403,0.002854517045163876
0.5,0.7083333333333333,czz,0.7664444309275993,0.7693714285714282,0.002926997643828866,0.3818930017256997,0.003101212369377404
0.5,0.75,mz,0.8476164992101269,0.84625,0.0013664992101269924,0.16121668365356262,0.002027992856373651
0.5,0.75,mz2,0.7591949681667054,0.7572625,0.0019324681667054477,0.25454175116201677,0.0029316762623021156
0.5,0.75,czz,0.7609563917107548,0.7581142857142853,0.0028421059964695017,0.3734913100709991,0.003134259381160254
0.5,0.7916666666666666,mz,0.8406085404281017,0.837725,0.002883540428101683,0.3430301132359618,0.0020854237786919133
0.5,0.7916666666666666,mz2,0.7501763684850687,0.74526875,0.00490761848506871,0.6541952920990192,0.0029946087779569885
0.5,0.7916666666666666,czz,0.7578983903971567,0.7509714285714288,0.006926961825727829,0.9139697238435798,0.003152498437123837
0.5,0.8333333333333333,mz,0.8344670665706656,0.83305,0.0014170665706656482,0.16981695592724103,0.0021548164825356585
0.5,0.8333333333333333,mz2,0.7426538393250739,0.7404,0.0022538393250739475,0.30348450458725745,0.0030413796620982567
0.5,0.8333333333333333,czz,0.7571222236942214,0.754514285714286,0.002607937979935415,0.34445402582564816,0.003107717410743185
0.5,0.875,mz,0.8291602150269,0.8303,0.0011397849731000775,0.13746257387217983,0.0021689655232723522
0.5,0.875,mz2,0.7365363080746455,0.7364375,9.880807464557329e-05,0.013415234736202496,0.0030472764600143155
0.5,0.875,czz,0.7584058706407057,0.7582857142857142,0.00012015635499151855,0.015843278598306438,0.003033414886703326
0.5,0.9166666666666666,mz,0.8246318496256179,0.82505,0.0004181503743820869,0.0507075217349326,0.0022855025929126027
0.5,0.9166666666666666,mz2,0.7316983350867546,0.7329375,0.001239164913245383,0.16935461703605764,0.003145570050955715
0.5,0.9166666666666666,czz,0.761465978243859,0.7630000000000001,0.0015340217561411462,0.20145637493601543,0.0030128174407658822
0.5,0.9583333333333333,mz,0.8208057563639914,0.824875,0.004069243636008579,0.4957620733600274,0.002307982044040109
0.5,0.9583333333333333,mz2,0.7279876460312198,0.73368125,0.005693603968780159,0.7821017293109378,0.0031502025776085816
0.5,0.9583333333333333,czz,0.76597233972289,0.7690285714285712,0.003056231705681145,0.3990002702691346,0.002957103601749092
0.5,1.0,mz,0.8175903486138817,0.81585,0.001740348613881726,0.21286315534818398,0.0023931047710128604
0.5,1.0,mz2,0.7252329649885917,0.722875,0.002357964988591643,0.3251320751296427,0.0032222797436247843
0.5,1.0,czz,0.7715636795453144,0.769885714285714,0.0016779652596004002,0.21747592636672997,0.002914614692202558
0.9,0.041666666666666664,mz,0.997194096587558,0.9973,0.00010590341244198775,0.010620140332197502,0.0002608214001578205
0.9,0.041666666666666664,mz2,0.9950965627306537,0.9952875,0.00019093726934626964,0.019187813172856,0.00045421965052613677
0.9,0.041666666666666664,czz,0.9943971285110396,0.9944571428571429,6.001434610336531e-05,0.006035249336774311,0.0005468074520659713
0.9,0.08333333333333333,mz,0.9888549969193792,0.98945,0.0005950030806208817,0.06017091307365786,0.0005149235522157216
0.9,0.08333333333333333,mz2,0.9806052286118122,0.9816625,0.001057271388187786,0.10781824911177618,0.0008900314320123767
0.9,0.08333333333333333,czz,0.9778519491250127,0.9788857142857141,0.0010337651607014164,0.10571796289064364,0.0010561866534388095
0.9,0.125,mz,0.9752144661815305,0.975325,0.00011053381846948263,0.011334308739520625,0.0007792946602644886
0.9,0.125,mz2,0.9571661756911504,0.95733125,0.00016507430884959984,0.017246149419185546,0.0013336504235327104
0.9,0.125,czz,0.9511391339553175,0.9525142857142851,0.0013751517589676299,0.14457945319199028,0.0015407568791094776
0.9,0.16666666666666666,mz,0.9566455130227542,0.954725,0.0019205130227542,0.20075492924080854,0.0010533296672166675
0.9,0.16666666666666666,mz2,0.9257923829002661,0.92259375,0.0031986329002661185,0.34550218378829556,0.0017671500263178874
0.9,0.16666666666666666,czz,0.915498735563246,0.9128571428571424,0.002641592706103646,0.2885413822530785,0.002062348775329812
0.9,0.20833333333333331,mz,0.9336434736537172,0.9337,5.65263462827259e-05,0.006054382414468758,0.0012715512904591913
0.9,0.20833333333333331,mz2,0.8877949046307309,0.8879625,0.00016759536926913565,0.018877712453063158,0.002083631958045532
0.9,0.20833333333333331,czz,0.8725631606301667,0.8716285714285715,0.0009345892015951707,0.10710848724351468,0.0025007853796758578
0.9,0.25,mz,0.9068014092132832,0.9087,0.001898590786716725,0.2093722801295481,0.0014833748818501755
0.9,0.25,mz2,0.8446898079838496,0.8477375,0.003047692016150405,0.3608060600878798,0.0023718539802241928
0.9,0.25,czz,0.8242618200347233,0.8282857142857145,0.004023894250991256,0.4881815647874777,0.0028077088772236474
0.9,0.29166666666666663,mz,0.8767814988873376,0.87695,0.00016850111266242251,0.019218141906079858,0.0016985017635622532
0.9,0.29166666666666663,mz2,0.798096288415709,0.7978875,0.00020878841570903806,0.026160805248637523,0.00263967041415487
0.9,0.29166666666666663,czz,0.7727097480732198,0.7706571428571427,0.002052605216077086,0.2656372876355362,0.003160076257803659
0.9,0.3333333333333333,mz,0.8442843335329353,0.8444,0.00011566646706473449,0.01369994236192023,0.0019161761853016819
0.9,0.3333333333333333,mz2,0.7496357084788994,0.749725,8.929152110059846e-05,0.011911321738098848,0.0028521416792852117
0.9,0.3333333333333333,czz,0.7200874828547756,0.7215999999999998,0.001512517145224157,0.21004630426678247,0.003395658559058186
0.9,0.375,mz,0.8100180804358854,0.8116,0.0015819195641145756,0.19529435235116183,0.002122732813959391
0.9,0.375,mz2,0.7008403022471377,0.70375,0.002909697752862317,0.41517272102258024,0.003008030680504686
0.9,0.375,czz,0.6685199838733848,0.6726571428571427,0.004137158983757883,0.6188534499428584,0.0035864018383586225
0.9,0.41666666666666663,mz,0.7746694003757137,0.776575,0.0019055996242862694,0.24598875641171006,0.0023025599049126978
0.9,0.41666666666666663,mz2,0.6530783157142176,0.65608125,0.003002934285782355,0.45981227879206105,0.003146285438981993
0.9,0.41666666666666663,czz,0.6199623017193162,0.6205142857142855,0.0005519839949692518,0.08903509026894975,0.0037863992760756677
0.9,0.4583333333333333,mz,0.7388777688358146,0.74625,0.007372231164185394,0.9977605870861669,0.0024640821658564916
0.9,0.4583333333333333,mz2,0.6074998014147612,0.6176,0.010100198585238807,1.6625846727385265,0.0032382157670753516
0.9,0.4583333333333333,czz,0.5760991194471783,0.5892285714285718,0.01312945198139348,2.2790265664687066,0.0038490923393571766
0.9,0.5,mz,0.7032145114075682,0.70205,0.0011645114075682361,0.1655983186748133,0.0026750318371064215
0.9,0.5,mz2,0.5650045898954018,0.564425,0.0005795898954018552,0.10258144903020232,0.0033191367257707897
0.9,0.5,czz,0.5382642050253623,0.536971428571429,0.0012927764539333308,0.2401750742225961,0.003975279966957535
0.9,0.5416666666666666,mz,0.6681674450530527,0.664725,0.0034424450530526896,0.5152069407960094,0.0028247549206145573
0.9,0.5416666666666666,mz2,0.5262315199239749,0.52164375,0.004587769923974916,0.871815873864362,0.0033283589865650163
0.9,0.5416666666666666,czz,0.507384334334244,0.5044000000000002,0.002984334334243832,0.5881802279448926,0.003959751502707767
0.9,0.5833333333333333,mz,0.6341315620182348,0.6337,0.000431562018234799,0.06805559667480944,0.0030142726459227924
0.9,0.5833333333333333,mz2,0.4915661186473207,0.492425,0.0008588813526793082,0.17472346447366152,0.0033722570927036287
0.9,0.5833333333333333,czz,0.48395047739870184,0.4831142857142859,0.0008361916844159545,0.17278455616173705,0.00398225805613822
0.9,0.625,mz,0.6014057419208249,0.6022,0.000794258079175103,0.13206692650428123,0.003163307865457482
0.9,0.625,mz2,0.4611627380855921,0.4627,0.0015372619144078947,0.3333447799337547,0.0034052807290566177
0.9,0.625,czz,0.46801711937005186,0.4700857142857144,0.002068594915662525,0.44199129263622683,0.0039622506776880355
0.9,0.6666666666666666,mz,0.5701950661166963,0.5722,0.0020049338833036945,0.351622453866229,0.0033133915941804455
0.9,0.6666666666666666,mz2,0.43497668843932935,0.4371875,0.0022108115606706558,0.5082597802201577,0.003402569045145991
0.9,0.6666666666666666,czz,0.4592286538016071,0.4597142857142865,0.0004856319126794184,0.10574947984173869,0.003916169380638898
0.9,0.7083333333333333,mz,0.5406179662424784,0.5365,0.004117966242478399,0.7617146487195,0.0034896980957211656
0.9,0.7083333333333333,mz2,0.41280205701783024,0.4096,0.0032020570178302177,0.7756882417114289,0.003366959703020542
0.9,0.7083333333333333,czz,0.45686997891829007,0.4545428571428577,0.0023271217754323725,0.5093619372719983,0.003798188517090254
0.9,0.75,mz,0.5127171863559411,0.513225,0.0005078136440589409,0.0990436165536304,0.003615859839891222
0.9,0.75,mz2,0.39431148508084723,0.39413125,0.00018023508084724638,0.04570880830678621,0.0033847391680552476
0.9,0.75,czz,0.45993687559724983,0.4586571428571428,0.001279732740107009,0.278240951749132,0.0037291814150482838
0.9,0.7916666666666666,mz,0.4864733861680185,0.48905,0.002576613831981489,0.529651550371057,0.003740743116802675
0.9,0.7916666666666666,mz2,0.3790949891947214,0.3790875,7.4891947213773236e-06,0.0019755456903521647,0.0033766918076915775
0.9,0.7916666666666666,czz,0.46722055475625235,0.46671428571428597,0.0005062690419663785,0.10835761329689307,0.0036240000831907417
0.9,0.8333333333333333,mz,0.4618201628026728,0.462175,0.00035483719732720687,0.07683449660876375,0.003914119820712837
0.9,0.8333333333333333,mz2,0.366695772927073,0.36679375,9.797707292696911e-05,0.026718898924001068,0.0033950567851880205
0.9,0.8333333333333333,czz,0.4774000086452457,0.4765999999999999,0.0008000086452457644,0.16757616899002784,0.003511838252687086
0.9,0.875,mz,0.4386593132271641,0.443975,0.0053156867728358925,1.2118030126224884,0.004051498044074576
0.9,0.875,mz2,0.35664174144333394,0.36124375,0.004602008556666037,1.2903729490669396,0.0034093180903338807
0.9,0.875,czz,0.4891355275313629,0.4918857142857144,0.0027501867543515135,0.5622545490063946,0.0034409757560704265
0.9,0.9166666666666666,mz,0.4168752851118808,0.414725,0.002150285111880812,0.51581016881433,0.004183472550616076
0.9,0.9166666666666666,mz2,0.34847203009745004,0.34699375,0.0014782800974500465,0.4242177190050651,0.0033710865987214506
0.9,0.9166666666666666,czz,0.5011569558855369,0.49708571428571385,0.004071241599823028,0.8123685707662591,0.0032863704473095226
0.9,0.9583333333333333,mz,0.3963479518257835,0.397175,0.000827048174216527,0.20866720022311602,0.004281811570881284
0.9,0.9583333333333333,mz2,0.3417582716309977,0.34106875,0.0006895216309977248,0.20175711555043596,0.0033453807140676767
0.9,0.9583333333333333,czz,0.5123409293281862,0.5121999999999999,0.0001409293281863233,0.02750694315426229,0.0031797196193381954
0.9,1.0,mz,0.37696307635591475,0.377625,0.0006619236440852383,0.17559376119380832,0.004389047426404859
0.9,1.0,mz2,0.33612058289092533,0.33521875,0.0009018328909253248,0.2683063569534446,0.0033645942477197647
0.9,1.0,czz,0.5217723909133968,0.5226571428571427,0.0008847519437459317,0.16956664613800576,0.0031311230405703374
1.0,0.041666666666666664,mz,0.9965363014200165,0.997175,0.0006386985799835543,0.06409185285808851,0.000264261084709972
1.0,0.041666666666666664,mz2,0.9939490322706115,0.99505625,0.0011072177293884877,0.1113958254840413,0.00046245689824245354
1.0,0.041666666666666664,czz,0.9930859164054713,0.9942285714285714,0.0011426550231000698,0.1150610439866041,0.0005539890190612573
1.0,0.08333333333333333,mz,0.9862467136002345,0.986175,7.171360023450202e-05,0.007271365191445436,0.0005918589081839684
1.0,0.08333333333333333,mz2,0.9760977128107517,0.97604375,5.3962810751762014e-05,0.005528423030146415,0.001016359456466179
1.0,0.08333333333333333,czz,0.9727047957434201,0.9728571428571431,0.00015234711372302812,0.015662214722257237,0.0012006551247970504
1.0,0.125,mz,0.9694300172278122,0.96875,0.0006800172278121908,0.07014608746660972,0.0008774512761824485
1.0,0.125,mz2,0.9473252867941796,0.946175,0.0011502867941796113,0.1214246901475911,0.0014907663049309897
1.0,0.125,czz,0.9399163131532472,0.9388285714285718,0.0010877417246754062,0.1157275078061186,0.0017531286083514591
1.0,0.16666666666666666,mz,0.9465654968347919,0.948175,0.001609503165208137,0.1700361116679336,0.001134535435570637
1.0,0.16666666666666666,mz2,0.9090152847242459,0.91190625,0.002890965275754165,0.318032636451339,0.0018799013502049482
1.0,0.16666666666666666,czz,0.8964092935957965,0.899485714285714,0.003076420689917536,0.34319375221747056,0.0022320445277157802
1.0,0.20833333333333331,mz,0.9182864807483112,0.919425,0.001138519251688841,0.12398301353201477,0.0013911633516762501
1.0,0.20833333333333331,mz2,0.8629431832715647,0.86469375,0.001750566728435321,0.20286002165271463,0.0022491667754330966
1.0,0.20833333333333331,czz,0.844391749353371,0.8461999999999998,0.0018082506466288173,0.21414830829571255,0.002687266378504113
1.0,0.25,mz,0.8853462660807647,0.884625,0.0007212660807647264,0.08146711726222265,0.00165710909072211
1.0,0.25,mz2,0.8111383264349478,0.81001875,0.0011195764349477555,0.1380253402484914,0.002580987369578539
1.0,0.25,czz,0.7864484203167315,0.785,0.0014484203167314247,0.18417232196208025,0.003086984508464351
1.0,0.29166666666666663,mz,0.8485790424381572,0.850875,0.002295957561842865,0.27056496177964356,0.0018647107422104922
1.0,0.29166666666666663,mz2,0.7557355631332157,0.75875625,0.003020686866784361,0.39970156416364067,0.0028082531046263815
1.0,0.29166666666666663,czz,0.7253762074511502,0.730171428571429,0.004795221120278859,0.6610667776281852,0.0033513277595633843
1.0,0.3333333333333333,mz,0.8088587145631206,0.807575,0.001283714563120597,0.1587068965207298,0.0021058443426662716
1.0,0.3333333333333333,mz2,0.6988319835983985,0.69651875,0.002313233598398523,0.33101427133991645,0.003026731345462877
1.0,0.3333333333333333,czz,0.6640093934975247,0.6619142857142859,0.0020951077832388476,0.3155238169453182,0.0036585545004435348
1.0,0.375,mz,0.767058541364073,0.7644,0.0026585413640730637,0.3465891090066392,0.002348630581117571
1.0,0.375,mz2,0.6423619651354563,0.6394625,0.0028994651354562473,0.451375593952676,0.0031794531961703196
1.0,0.375,czz,0.6050471199727111,0.6023999999999995,0.002647119972711609,0.4375064164971151,0.0038602442380151775
1.0,0.41666666666666663,mz,0.7240142680304256,0.72215,0.0018642680304256087,0.25749050988968436,0.0025383226859888855
1.0,0.41666666666666663,mz2,0.5880000310874568,0.585925,0.002075031087456769,0.3528964247874567,0.003277091068323706
1.0,0.41666666666666663,czz,0.5508952002409636,0.5487714285714286,0.002123771669535035,0.38551282868431047,0.00399275548112858
1.0,0.4583333333333333,mz,0.6804929673104327,0.680875,0.00038203268956726877,0.05614057865685334,0.0027273691154167546
1.0,0.4583333333333333,mz2,0.5370965559888408,0.53796875,0.000872194011159233,0.1623905425260918,0.0033030074289427985
1.0,0.4583333333333333,czz,0.503533037918393,0.5073714285714286,0.003838390653035595,0.7622917195073262,0.004001561443248422
1.0,0.5,mz,0.637169184418355,0.6396,0.0024308155816449295,0.3815023766197857,0.002895172223239963
1.0,0.5,mz2,0.4906469170062187,0.4929,0.002253082993781297,0.4592065935171748,0.003342760110225598
1.0,0.5,czz,0.4644143056284047,0.4664857142857142,0.002071408657309537,0.4460260229293946,0.004074504181087263
1.0,0.5416666666666666,mz,0.5946092689203311,0.59265,0.0019592689203310476,0.32950527728715256,0.003092337951356633
1.0,0.5416666666666666,mz2,0.44929096919582506,0.44685,0.002440969195825038,0.5432936255527391,0.0032978688715455907
1.0,0.5416666666666666,czz,0.4344073024442552,0.4299142857142857,0.00449301672996949,1.0342866486564304,0.004036848172192885
1.0,0.5833333333333333,mz,0.553264051338245,0.5527,0.0005640513382449974,0.10194975380754633,0.0032849429348176667
1.0,0.5833333333333333,mz2,0.41333714201604677,0.413375,3.7857983953226704e-05,0.009159105269024423,0.0033248257674859316
1.0,0.5833333333333333,czz,0.4137777784603106,0.411657142857143,0.002120635603167609,0.5125059182874944,0.004024713237982476
1.0,0.625,mz,0.5134693519868642,0.518475,0.005005648013135855,0.974867924203568,0.0034283987267065253
1.0,0.625,mz2,0.3828041672160609,0.38634375,0.003539582783939066,0.9246458338425735,0.0032814175124758005
1.0,0.625,czz,0.4022137492191776,0.4040857142857143,0.0018719650665367515,0.46541548372496466,0.003940937177027471
1.0,0.6666666666666666,mz,0.47545325227085705,0.477675,0.0022217477291429644,0.46729046831238735,0.003620026919373625
1.0,0.6666666666666666,mz2,0.3574733474856982,0.35920625,0.001732902514301804,0.4847641163992328,0.0032466172951211617
1.0,0.6666666666666666,czz,0.39888868485554263,0.4000857142857142,0.0011970294301715811,0.3000910969949135,0.003844254598901961
1.0,0.7083333333333333,mz,0.43934865457013444,0.44485,0.005501345429865578,1.2521593892777891,0.0038062181334821
1.0,0.7083333333333333,mz2,0.3369450731230839,0.34275,0.005804926876916083,1.7228110276583803,0.003236198162636952
1.0,0.7083333333333333,czz,0.4025566966289497,0.4085142857142858,0.005957589085336057,1.4799378907929013,0.0037397405610423884
1.0,0.75,mz,0.4052094265152403,0.402575,0.0026344265152402624,0.6501394940132715,0.003968222097635365
1.0,0.75,mz2,0.32069461821473155,0.31951875,0.0011758682147315347,0.36666290855688566,0.0031328153042458153
1.0,0.75,czz,0.41167116857716546,0.40954285714285676,0.002128311434308694,0.5169930752412538,0.0035892381685268633
1.0,0.7916666666666666,mz,0.3730283699624443,0.375975,0.0029466300375556864,0.7899211627931534,0.004110090536949544
1.0,0.7916666666666666,mz2,0.3081237354694174,0.31026875,0.0021450145305825785,0.6961536174143521,0.0031650798548998
1.0,0.7916666666666666,czz,0.4245168526479214,0.4225142857142857,0.0020025669336357077,0.4717284887854765,0.00351823493573304
1.0,0.8333333333333333,mz,0.34275535818522324,0.339725,0.0030303581852232364,0.8841169402188153,0.00427315965379749
1.0,0.8333333333333333,mz2,0.2986059356388867,0.29799375,0.0006121856388867086,0.20501455792460985,0.003132861498009499
1.0,0.8333333333333333,czz,0.43934485478142926,0.4382285714285712,0.0011162833528580718,0.25407907722361156,0.0033711825330053854
1.0,0.875,mz,0.3143142172547157,0.307575,0.0067392172547157125,2.144101947909772,0.004323887896113151
1.0,0.875,mz2,0.29152441318052247,0.28154375,0.009980663180522487,3.42361144702557,0.0030567784529705135
1.0,0.875,czz,0.4545002082144387,0.44751428571428575,0.006985922500152952,1.5370559515468714,0.0032463900369755555
1.0,0.9166666666666666,mz,0.2876172512777149,0.28775,0.00013274872228508094,0.04615464534736917,0.00449035188777089
1.0,0.9166666666666666,mz2,0.28630231002986156,0.2844125,0.0018898100298615494,0.6600750198852537,0.003101455184554692
1.0,0.9166666666666666,czz,0.46853280816098686,0.4690571428571425,0.0005243346961556483,0.11190992114590363,0.003135239500863514
1.0,0.9583333333333333,mz,0.26257668448216087,0.2679,0.005323315517839156,2.0273374722274,0.004636416572727648
1.0,0.9583333333333333,mz2,0.2824254316342797,0.2867125,0.004287068365720292,1.517946999642629,0.003118295966765925
1.0,0.9583333333333333,czz,0.4802842526890496,0.47568571428571366,0.004598538403335961,0.9574618317359641,0.00315844212828234
1.0,1.0,mz,0.23911267544186998,0.2423,0.003187324558130006,1.3329801744052114,0.004700269168146151
1.0,1.0,mz2,0.27945773602424034,0.2796125,0.00015476397575964196,0.055380100748478704,0.003091581334348118
1.0,1.0,czz,0.4889454276261531,0.484657142857143,0.004288284769010109,0.8770477289929633,0.003061120373940487
1.1,0.041666666666666664,mz,0.9958094324800271,0.99615,0.0003405675199729119,0.034200069698550745,0.00031189337560740975
1.1,0.041666666666666664,mz2,0.9926818831666887,0.9932875,0.0006056168333112844,0.0610081480866102,0.0005421097653379509
1.1,0.041666666666666664,czz,0.9916380252181272,0.9922285714285713,0.0005905462104441872,0.05955259837018521,0.0006469096806570379
1.1,0.08333333333333333,mz,0.9833665136771442,0.9832,0.00016651367714426435,0.016933022919563598,0.0006456141895653981
1.1,0.08333333333333333,mz2,0.9711341526848685,0.97085,0.0002841526848684772,0.02925987970692699,0.0011113032887110253
1.1,0.08333333333333333,czz,0.9670369928030798,0.967028571428571,8.421374508738033e-06,0.0008708430568232563,0.0013052600346793077
1.1,0.125,mz,0.963049666988381,0.964,0.0009503330116189534,0.09867954314244304,0.0009416680274212327
1.1,0.125,mz2,0.9365389319665404,0.9381625,0.0016235680334596436,0.1733583066376624,0.0015941222841929956
1.1,0.125,czz,0.9276164646182189,0.9284571428571424,0.0008406782389235312,0.09062778324763036,0.0019066893509751852
1.1,0.16666666666666666,mz,0.935463885957029,0.934025,0.0014388859570290125,0.15381523312970613,0.001251703484720468
1.1,0.16666666666666666,mz2,0.8907457431952865,0.88806875,0.002676993195286581,0.300533930780703,0.0020670471652195275
1.1,0.16666666666666666,czz,0.8756281865009057,0.8722857142857147,0.003342472215191017,0.3817227753423353,0.0024665360765162895
1.1,0.20833333333333331,mz,0.9014045843672501,0.9007,0.0007045843672501828,0.07816516350921077,0.0015505455230795159
1.1,0.20833333333333331,mz2,0.8361074225122159,0.8353,0.0008074225122158829,0.09656923147385241,0.0024524908197834506
1.1,0.20833333333333331,czz,0.8139945483292265,0.8134000000000001,0.0005945483292263409,0.07304082446825813,0.002933084712592919
1.1,0.25,mz,0.8618115416532139,0.860625,0.0011865416532139683,0.13767994461269623,0.0017894569436327078
1.1,0.25,mz2,0.775281152572849,0.77269375,0.0025874025728490624,0.33373732410010293,0.0027357281899828235
1.1,0.25,czz,0.7461010449941353,0.7422,0.0039010449941353498,0.5228574628475442,0.0033119315270797043
1.1,0.29166666666666663,mz,0.8177168811038645,0.8142,0.0035168811038645,0.43008542261191174,0.0020559690418073115
1.1,0.29166666666666663,mz2,0.711018780012441,0.7051875,0.0058312800124410424,0.8201302379578511,0.0029696885803736127
1.1,0.29166666666666663,czz,0.6755593950017611,0.6672857142857138,0.008273680716047283,1.2247155138780528,0.0036171925408492824
1.1,0.3333333333333333,mz,0.7701913536767921,0.766125,0.0040663536767922,0.5279666744348613,0.0023308081654590156
1.1,0.3333333333333333,mz2,0.6459697372410578,0.64126875,0.004700987241057719,0.7277410952927417,0.0031796430189278365
1.1,0.3333333333333333,czz,0.6059601343893621,0.6020571428571432,0.003902991532218958,0.6441003806549219,0.0038655899136585837
1.1,0.375,mz,0.7202930902670859,0.721,0.0007069097329140961,0.0981419567209749,0.002498054048134816
1.1,0.375,mz2,0.5825156396892358,0.5822375,0.00027813968923584564,0.04774802087446603,0.003234454923822626
1.1,0.375,czz,0.5406340489126935,0.5388857142857139,0.001748334626979653,0.32338596329547675,0.0039775088009592185
1.1,0.41666666666666663,mz,0.6690224660239055,0.66785,0.0011724660239054163,0.1752506206366352,0.0027303174198838724
1.1,0.41666666666666663,mz2,0.5226491100917348,0.5205625,0.0020866100917347197,0.39923728012633186,0.00329096369298992
1.1,0.41666666666666663,czz,0.48244070843409503,0.48191428571428535,0.0005264227198096827,0.10911656305255507,0.004048525954366504
1.1,0.4583333333333333,mz,0.6172858750240064,0.6178,0.0005141249759935684,0.08328798645742119,0.0029477847518932492
1.1,0.4583333333333333,mz2,0.4679020177186791,0.4685625,0.0006604822813208733,0.14115824602363242,0.0032878539707152867
1.1,0.4583333333333333,czz,0.43359974300990184,0.43757142857142856,0.003971685561526717,0.915979685309919,0.0040781263016024215
1.1,0.5,mz,0.5658701589928146,0.5641,0.001770158992814519,0.31282070006398704,0.003143661441810499
1.1,0.5,mz2,0.41932149153185627,0.417025,0.002296491531856293,0.5476684544516903,0.003249169416587841
1.1,0.5,czz,0.3955766043352974,0.39865714285714293,0.003080538521845533,0.778746388963493,0.004061305675238667
1.1,0.5416666666666666,mz,0.5154283024831491,0.514575,0.0008533024831490765,0.1655521202538104,0.003357344056454647
1.1,0.5416666666666666,mz2,0.3774868157573046,0.37749375,6.934242695433301e-06,0.0018369496379686792,0.003206861581782759
1.1,0.5416666666666666,czz,0.3690297531337483,0.3716285714285713,0.002598818294823002,0.7042300174319837,0.004013016360243486
1.1,0.5833333333333333,mz,0.46647592938623417,0.4642,0.0022759293862341656,0.48789856943502324,0.003510600864786993
1.1,0.5833333333333333,mz2,0.34255718927158196,0.3387125,0.003844689271581936,1.122349608179975,0.003137501474250664
1.1,0.5833333333333333,czz,0.3538209422413986,0.3501428571428573,0.003678085098541284,1.0395328991102697,0.003934918948876034
1.1,0.625,mz,0.419397223704677,0.4246,0.005202776295322953,1.2405366562432332,0.0037094959274817383
1.1,0.625,mz2,0.3143393534249496,0.317875,0.0035356465750503996,1.124786488400841,0.0030874142336533034
1.1,0.625,czz,0.3490849998005132,0.3485142857142855,0.0005707140862277194,0.16348857342878023,0.003883058616939176
1.1,0.6666666666666666,mz,0.3744582322584213,0.375225,0.0007667677415786889,0.20476722783050655,0.003871077816557836
1.1,0.6666666666666666,mz2,0.2923648789718448,0.29063125,0.001733628971844814,0.5929675882894829,0.0030027707418410344
1.1,0.6666666666666666,czz,0.35335072016099706,0.34637142857142855,0.006979291589568504,1.9751740102265907,0.003748959997378332
1.1,0.7083333333333333,mz,0.33182513196842095,0.336225,0.004399868031579046,1.3259598528533914,0.004047998093670084
1.1,0.7083333333333333,mz2,0.27596882621540575,0.27689375,0.0009249237845942448,0.3351551685306301,0.0029565987986602737
1.1,0.7083333333333333,czz,0.3647005521745734,0.36577142857142847,0.0010708763968550472,0.2936316905663593,0.00359982619157576
1.1,0.75,mz,0.2915849644718611,0.295,0.0034150355281388767,1.1711974018703006,0.004246828646808761
1.1,0.75,mz2,0.2643638805426447,0.2673625,0.0029986194573553004,1.1342772890155057,0.002941781627226812
1.1,0.75,czz,0.380954056554214,0.38268571428571413,0.0017316577315001358,0.45455815516528086,0.0034432458290226484
1.1,0.7916666666666666,mz,0.2537665263699113,0.247475,0.0062915263699113155,2.4792577886100946,0.004421616503808384
1.1,0.7916666666666666,mz2,0.2567063535249006,0.25673125,2.489647509940074e-05,0.009698425752826477,0.0028949475231789517
1.1,0.7916666666666666,czz,0.39985878981334644,0.3956571428571431,0.004201646956203342,1.0507826921010452,0.003339394502804426
1.1,0.8333333333333333,mz,0.21835949804651578,0.225575,0.007215501953484221,3.3044140593999476,0.004490042648550076
1.1,0.8333333333333333,mz2,0.252152262535338,0.25246875,0.0003164874646620075,0.12551442587894812,0.0028779916605931283
1.1,0.8333333333333333,czz,0.4192724327709231,0.41985714285714265,0.0005847100862195753,0.1394582711663855,0.0032136142277986507
1.1,0.875,mz,0.1853304249792589,0.1809,0.0044304249792588846,2.3905545890561206,0.004658426675811201
1.1,0.875,mz2,0.24990291600480133,0.2497125,0.0001904160048013248,0.0761959915656472,0.002886492775571999
1.1,0.875,czz,0.43732155105770965,0.43862857142857137,0.0013070203708617223,0.2988694171829748,0.0031132104145816385
1.1,0.9166666666666666,mz,0.15463475453398193,0.164025,0.009390245466018077,6.072532332280137,0.004718175606694346
1.1,0.9166666666666666,mz2,0.24924008128875086,0.24949375,0.0002536687112491276,0.10177685303963854,0.0028654962773462644
1.1,0.9166666666666666,czz,0.45252516109066654,0.4524285714285713,9.658966209524777e-05,0.021344594820418256,0.00302187887757026
1.1,0.9583333333333333,mz,0.12622470465530555,0.12865,0.0024252953446944336,1.9214109879024321,0.0047942378144625
1.1,0.9583333333333333,mz2,0.2495510621585671,0.246375,0.0031760621585670834,1.272710334748639,0.002858890215245469
1.1,0.9583333333333333,czz,0.46387497988347387,0.4617428571428568,0.0021321227406170817,0.4596330548271162,0.0030279421223680797
1.1,1.0,mz,0.10005323746082397,0.09385,0.006203237460823963,6.1999367719139045,0.004892250112281271
1.1,1.0,mz2,0.2503440713168464,0.248125,0.0022190713168463716,0.886408575674963,0.0029047415444138887
1.1,1.0,czz,0.4708684886642311,0.4668857142857143,0.003982774378516796,0.8458358277096026,0.0030412544311004684
2.0,0.041666666666666664,mz,0.9861691697398014,0.9857,0.00046916973980137833,0.04757497538938149,0.0005923141764370941
2.0,0.041666666666666664,mz2,0.9759635421465085,0.9751125,0.0008510421465084406,0.0872001985480606,0.0010260486767028542
2.0,0.041666666666666664,czz,0.9725352063651936,0.9717714285714281,0.0007637777937655743,0.0785347192334722,0.0012029090101765296
2.0,0.08333333333333333,mz,0.9453632820610285,0.94305,0.002313282061028432,0.24469768446952406,0.0011793255830698608
2.0,0.08333333333333333,mz2,0.9070048184936605,0.90325,0.00375481849366055,0.4139799940530078,0.0019562276024643124
2.0,0.08333333333333333,czz,0.8938194102520878,0.8892000000000002,0.0046194102520875635,0.516816954197127,0.0023388086411095703
2.0,0.125,mz,0.8795689072225765,0.878525,0.0010439072225765234,0.11868396142752244,0.0016916097634676812
2.0,0.125,mz2,0.8020113627142584,0.80041875,0.001592612714258479,0.19857732549680807,0.002626108441572519
2.0,0.125,czz,0.7743248742454076,0.7737428571428568,0.0005820171025507914,0.07516445898990094,0.003152862206761647
2.0,0.16666666666666666,mz,0.7918677402068403,0.7908,0.0010677402068403063,0.13483819994503207,0.0021671422774162913
2.0,0.16666666666666666,mz2,0.6740568903085602,0.672325,0.0017318903085602466,0.25693533193725626,0.0030634087035177806
2.0,0.16666666666666666,czz,0.6297216091993045,0.6282285714285715,0.0014930377707330633,0.23709489223840854,0.003791348524792391
2.0,0.20833333333333331,mz,0.6861407065334131,0.685825,0.00031570653341306265,0.04601192297832116,0.002597490449099537
2.0,0.20833333333333331,mz2,0.5382411903192881,0.53781875,0.00042244031928806436,0.07848531975738797,0.0032272291370669766
2.0,0.20833333333333331,czz,0.4785157560412574,0.4802571428571422,0.0017413868158848156,0.3639142063557619,0.004109701899124071
2.0,0.25,mz,0.5667362928672677,0.56605,0.0006862928672676238,0.12109562699707974,0.002957129386993598
2.0,0.25,mz2,0.40940307046451474,0.40785,0.0015530704645147497,0.3793499796551631,0.0031279641807398628
2.0,0.25,czz,0.33931372017943656,0.3354571428571429,0.003856577322293664,1.136581603671735,0.004257728877331945
2.0,0.29166666666666663,mz,0.43815864422544387,0.4399,0.0017413557745561414,0.397425863327295,0.0032716386355977935
2.0,0.29166666666666663,mz2,0.30014520012040163,0.3005375,0.000392299879598379,0.1307033660511679,0.002826714880577206
2.0,0.29166666666666663,czz,0.22815891267467486,0.23320000000000032,0.005041087325325461,2.2094632492018405,0.004093222673560381
2.0,0.3333333333333333,mz,0.30481762493692766,0.304725,9.262493692763218e-05,0.03038700171842031,0.0035622901943332553
2.0,0.3333333333333333,mz2,0.2194571917125911,0.21974375,0.00028655828740889455,0.13057593837443315,0.0024729088941838604
2.0,0.3333333333333333,czz,0.1563651652837329,0.15528571428571428,0.0010794509980186218,0.6903398183731655,0.0040018403219509065
2.0,0.375,mz,0.17086085896383188,0.17165,0.0007891410361681173,0.46186179851475756,0.0038134737455764425
2.0,0.375,mz2,0.17203632263072707,0.174875,0.0028386773692729295,1.6500453659231604,0.0021585213362243826
2.0,0.375,czz,0.1291753537635096,0.12942857142857134,0.00025321766506172794,0.19602629889081727,0.0038193595968911975
2.0,0.41666666666666663,mz,0.040083782347578804,0.04235,0.0022662176524211944,5.653702120149551,0.003968277015563206
2.0,0.41666666666666663,mz2,0.15825367954697456,0.15925,0.0009963204530254455,0.6295717457423838,0.0020179215050938107
2.0,0.41666666666666663,czz,0.14542410163347846,0.14574285714285706,0.00031875550937859876,0.21919028950371539,0.003659778142273969
2.0,0.4583333333333333,mz,-0.08410503512196651,-0.0838,0.0003050351219665154,0.3626835438855271,0.004099931334021872
2.0,0.4583333333333333,mz2,0.17463285833540942,0.1751,0.00046714166459058126,0.2674992948310812,0.002134299832164487
2.0,0.4583333333333333,czz,0.19820773304334383,0.19991428571428577,0.001706552670941941,0.8609919727848127,0.003532672905228639
2.0,0.5,mz,-0.19869477214790424,-0.196475,0.0022197721479042254,1.1171769261507662,0.004196384563149591
2.0,0.5,mz2,0.2146932019005416,0.21468125,1.1951900541623539e-05,0.005566967391524747,0.002491387585975756
2.0,0.5,czz,0.27639503507792884,0.277657142857143,0.00126210777921415,0.4566318562337062,0.003464987363623355
2.0,0.5416666666666666,mz,-0.3010882481804723,-0.30435,0.003261751819527703,1.0833208666359535,0.00422168686830293
2.0,0.5416666666666666,mz2,0.2700275329621001,0.2708375,0.000809967037899928,0.29995720399875353,0.0029174865736050467
2.0,0.5416666666666666,czz,0.36667897674519556,0.364257142857143,0.0024218338880525603,0.6604779770986128,0.0034082400596067053
2.0,0.5833333333333333,mz,-0.38913982703665506,-0.387575,0.0015648270366550587,0.40212461638054325,0.004247027273466248
2.0,0.5833333333333333,mz2,0.3315002020119828,0.33056875,0.0009314520119828029,0.28098082786360823,0.0033148655588441395
2.0,0.5833333333333333,czz,0.4557948149936303,0.4554000000000002,0.0003948149936300882,0.0866212121424869,0.0033184920250868004
2.0,0.625,mz,-0.4612162434910906,-0.46065,0.0005662434910905789,0.12277180153164254,0.004297325267005634
2.0,0.625,mz2,0.3904470215139453,0.39685,0.0064029784860547,1.639909676152059,0.0036488433654776934
2.0,0.625,czz,0.5325249205710587,0.5370571428571429,0.0045322222860841865,0.8510817261329311,0.003286658542608718
2.0,0.6666666666666666,mz,-0.5162665871379841,-0.512975,0.0032915871379841644,0.6375750862033633,0.004172742637116692
2.0,0.6666666666666666,mz2,0.4397405762632216,0.43724375,0.0024968262632216187,0.567795286129579,0.00383842898850607
2.0,0.6666666666666666,czz,0.589172858981859,0.5882857142857142,0.0008871446961448148,0.15057460346660853,0.0032811780924222786
2.0,0.7083333333333333,mz,-0.5538790915489088,-0.5554,0.0015209084510912074,0.27459214010733385,0.004087603803022628
2.0,0.7083333333333333,mz2,0.4745755862894252,0.4755375,0.0009619137105748021,0.20268925295878334,0.004006221469841819
2.0,0.7083333333333333,czz,0.6223041128110934,0.6264571428571429,0.0041530300460494995,0.6673634257837844,0.0033893542393752633
2.0,0.75,mz,-0.5743021656728631,-0.5816,0.007297834327136932,1.2707307691564516,0.0039977483911847085
2.0,0.75,mz2,0.49285301496843725,0.4980625,0.005209485031562766,1.05700581580015,0.004089254202708416
2.0,0.75,czz,0.6326945843155888,0.6361714285714286,0.0034768442558398283,0.5495296375265912,0.003535482601997782
2.0,0.7916666666666666,mz,-0.5784146681252103,-0.58235,0.0039353318747897825,0.6803651587096156,0.004036053359740461
2.0,0.7916666666666666,mz2,0.4951066951644162,0.5020125,0.006905804835583784,1.3948114422671034,0.004121793848293215
2.0,0.7916666666666666,czz,0.6245726924418623,0.6296571428571428,0.005084450415280495,0.814068638736359,0.0036986849768083814
2.0,0.8333333333333333,mz,-0.567642752717405,-0.569125,0.0014822472825949395,0.26112326379561135,0.004034312333607862
2.0,0.8333333333333333,mz2,0.4840086964451942,0.48664375,0.0026350535548058107,0.5444227705326337,0.004107584049142005
2.0,0.8333333333333333,czz,0.6043597571134809,0.6037142857142856,0.000645471399195241,0.10680251151700039,0.0038285826876765204
2.0,0.875,mz,-0.5438334820210459,-0.54845,0.004616517978954127,0.8488844713638781,0.00409260732216876
2.0,0.875,mz2,0.4635797811671524,0.468275,0.00469521883284757,1.0128178629849736,0.00403568610817744
2.0,0.875,czz,0.5791860146009137,0.5844285714285714,0.0052425568276577295,0.9051594298716099,0.0037817013129489187
2.0,0.9166666666666666,mz,-0.5091048443341057,-0.507225,0.001879844334105707,0.36924502978644574,0.004265234361663611
2.0,0.9166666666666666,mz2,0.43828805970327533,0.43918125,0.0008931902967246885,0.2037906981379748,0.003964333155914227
2.0,0.9166666666666666,czz,0.5554754876215499,0.5540857142857142,0.0013897733358356756,0.25019525916192004,0.003807718390496058
2.0,0.9583333333333333,mz,-0.4656953296718297,-0.4648,0.0008953296718297032,0.19225652798808013,0.004453715253353743
2.0,0.9583333333333333,mz2,0.4122247676705513,0.414375,0.0021502323294487202,0.5216164816101441,0.003885940489874888
2.0,0.9583333333333333,czz,0.5378529081779173,0.5375428571428572,0.00031005103506009934,0.05764606462953939,0.0037310660187651512
2.0,1.0,mz,-0.4158334328843922,-0.418475,0.0026415671156078124,0.6352464488689169,0.004604140772036067
2.0,1.0,mz2,0.3885036607629468,0.38708125,0.001422410762946802,0.3661254465796949,0.003743427704316125
2.0,1.0,czz,0.5285414635587911,0.5279142857142856,0.0006271778445054998,0.11866199489488817,0.0035108644270415486
